Metric,Value
Average CPU %,2.477177177177177
Max CPU %,10.0
Total Time (s),66.60000000000001
