Metric,Value
Average CPU %,1.9589341692789968
Max CPU %,10.0
Total Time (s),63.800000000000004
