Metric,Value
Average CPU %,1.7603550295857988
Max CPU %,10.0
Total Time (s),67.60000000000001
